{
  "pages/cart": "---\ncart: true\n---\n{{#partial \"page\"}}\n\n<div class=\"page\">\n\n    <div class=\"cart-sidebar\">\n        {{> components/custom/sidenav}}\n    </div>\n\n    <main class=\"page-content\" data-cart>\n        {{> components/common/breadcrumbs breadcrumbs=breadcrumbs}}\n\n        {{> components/cart/page-title}}\n\n        <div data-cart-status>\n            {{> components/cart/status-messages}}\n        </div>\n\n        {{#if cart.items.length}}\n            <div class=\"loadingOverlay\"></div>\n\n            <div data-cart-content>\n                {{> components/cart/content}}\n            </div>\n\n            <div data-cart-totals>\n                {{> components/cart/totals}}\n            </div>\n\n            {{#if cart.show_primary_checkout_button}}\n                <div class=\"cart-actions\">\n                    <a class=\"button button--primary\" href=\"{{urls.checkout.single_address}}\" title=\"{{lang 'cart.checkout.title'}}\">{{lang 'cart.checkout.button'}}</a>\n                    {{#if cart.show_multiple_address_shipping}}\n                        <a class=\"checkoutMultiple\" href=\"{{urls.checkout.multiple_address}}\">\n                            {{lang 'cart.preview.checkout_multiple'}}\n                        </a>\n                    {{/if}}\n                </div>\n            {{else}}\n                <div class=\"cart-actions\">\n                    <a class=\"button\" href=\"{{urls.home}}\" title=\"{{lang 'cart.continue_shopping'}}\">{{lang 'cart.continue_shopping'}}</a>\n                </div>\n            {{/if}}\n\n            {{#if cart.additional_checkout_buttons}}\n                <div class=\"cart-additionalCheckoutButtons\">\n                    {{#each cart.additional_checkout_buttons}}\n                        {{{this}}}\n                    {{/each}}\n                </div>\n            {{/if}}\n        {{else}}\n            <h3>{{lang 'cart.checkout.empty_cart'}}</h3>\n            {{{ remote_api_scripts }}}\n        {{/if}}\n\n        {{{snippet 'cart'}}}\n    </main>\n\n</div>\n{{/partial}}\n{{> layout/base}}\n",
  "components/custom/sidenav": "<div class=\"sideCategoryList desktop vertical in-body\" id=\"side-categories\" data-menu>\n    <div class=\"categories\">\n      <h2 class=\"container-header\">{{lang 'sidenav_headers.categories_header'}}</h2>\n        <div class=\"category-list\">\n            {{#each categories}}\n                <li class=\"navPages-item\">\n                    {{> components/common/navigation-list-alternate}}\n                </li>\n            {{/each}}\n        </div> <!-- category-list -->\n    </div> <!-- categories -->\n    <div class=\"brands-option{{#if theme_settings.brands_visibility '!==' 'no-brands'}} with-brands{{/if}}\">\n      <div class=\"brands\">\n        <h2 class=\"container-header\">{{lang 'sidenav_headers.brands_header'}}</h2>\n        <div class=\"brands-list\">\n          {{#each (limit shop_by_brand theme_settings.brands_limit)}}\n              <li class=\"navPage-subMenu-item-child is-root\">\n                  <a class=\"navPages-action\" href=\"{{url}}\">{{name}}</a>\n              </li>\n          {{/each}}\n\n              <li class=\"all-brands\">\n                  <a class=\"navPages-action\" href=\"/brands/\">View all Brands</a>\n              </li>\n        </div> <!-- brand-list -->\n      </div> <!--brands-->\n    </div> <!--brands-option-->\n    <div class=\"container-header shop-by-price\">\n        {{#if category.faceted_search_enabled}}\n            {{> components/faceted-search/index category}}\n        {{else}}\n            {{> components/category/shop-by-price shop_by_price=category.shop_by_price category_url=category.url}}\n        {{/if}}\n    </div>\n\n    {{#if theme_settings.show_sidenav_featured_banner '===' true}}\n    {{#if theme_settings.external_link_sidenav '===' true}}\n    <!-- BEGIN SIDENAV BANNER -->\n      <div class=\"sidenav-banner zoom-image-container\">\n        <a target=\"_blank\" href=\"{{theme_settings.featured_sidenav_link}}\">\n          <img class=\"sidenav-image lazyload\" src=\"/product_images/uploaded_images/{{theme_settings.featured_sidenav_image}}\" alt=\"{{theme_settings.featured_sidenav_banner_name}}\" title=\"{{theme_settings.featured_sidenav_banner_name}}\" />\n        </a>\n      </div>\n    <!-- END SIDENAV BANNER -->\n  {{/if}}\n  {{#if theme_settings.external_link_sidenav '===' false}}\n    <!-- BEGIN SIDENAV BANNER -->\n      <div class=\"sidenav-banner zoom-image-container\">\n        <a target=\"_self\" href=\"/{{theme_settings.featured_sidenav_link}}\">\n          <img class=\"sidenav-image lazyload\" src=\"/product_images/uploaded_images/{{theme_settings.featured_sidenav_image}}\" alt=\"{{theme_settings.featured_sidenav_banner_name}}\" title=\"{{theme_settings.featured_sidenav_banner_name}}\" />\n        </a>\n      </div>\n    <!-- END SIDENAV BANNER -->\n  {{/if}}\n  {{/if}}\n\n</div> <!-- sideCategoryList -->\n",
  "components/common/breadcrumbs": "<ul class=\"breadcrumbs\">\n    {{#each breadcrumbs}}\n        <li class=\"breadcrumb {{#if @last}}is-active{{/if}}\">\n            {{#if url}}\n                <a href=\"{{url}}\" class=\"breadcrumb-label\">{{name}}</a>\n            {{else}}\n                <span class=\"breadcrumb-label\">{{name}}</span>\n            {{/if}}\n        </li>\n    {{/each}}\n</ul>\n",
  "components/cart/page-title": "<h1 class=\"page-heading\" data-cart-page-title>\n    {{lang 'cart.label' quantity=cart.quantity}}\n</h1>\n",
  "components/cart/status-messages": "{{#each cart.status_messages}}\n    {{> components/common/alert-info message}}\n{{/each}}\n",
  "components/cart/content": "<table class=\"cart\" data-cart-quantity=\"{{cart.quantity}}\">\n    <thead class=\"cart-header\">\n        <tr>\n            <th class=\"cart-header-item\" colspan=\"2\">{{lang 'cart.checkout.item'}}</th>\n            <th class=\"cart-header-item\">{{lang 'cart.checkout.price'}}</th>\n            <th class=\"cart-header-item cart-header-quantity\">{{lang 'cart.checkout.quantity'}}</th>\n            <th class=\"cart-header-item\">{{lang 'cart.checkout.total'}}</th>\n        </tr>\n    </thead>\n    <tbody class=\"cart-list\">\n        {{#each cart.items}}\n            <tr class=\"cart-item\" data-item-row>\n                <td class=\"cart-item-block cart-item-figure\">\n                    {{#if type '==' 'GiftCertificate'}}\n                        <img class=\"cart-item-fixed-image lazyload\" data-sizes=\"auto\" src=\"{{cdn 'img/loading.svg'}}\" data-src=\"{{cdn ../../theme_settings.default_image_gift_certificate}}\" alt=\"GiftCertificate\" title=\"GiftCertificate\">\n                    {{else}}\n                        <img class=\"cart-item-image lazyload\" data-sizes=\"auto\" src=\"{{cdn 'img/loading.svg'}}\" data-src=\"{{getImage image 'productthumb_size' (cdn ../../theme_settings.default_image_product)}}\" alt=\"{{image.alt}}\" title=\"{{image.alt}}\">\n                    {{/if}}\n                </td>\n                <td class=\"cart-item-block cart-item-title\">\n                    {{#if brand.name}}\n                        <p class=\"cart-item-brand\">{{brand.name}}</p>\n                    {{/if}}\n                    <h4 class=\"cart-item-name\"><a href=\"{{url}}\">{{name}}</a></h4>\n                    {{#if release_date}}\n                        <p>({{release_date}})</p>\n                    {{/if}}\n\n                    {{#if options}}\n                        <dl class=\"definitionList\">\n                            {{#each options}}\n                                <dt class=\"definitionList-key\">{{name}}:</dt>\n                                <dd class=\"definitionList-value\">\n                                    {{#if is_file}}\n                                        <a href=\"/viewfile.php?attributeId={{../id}}&cartitem={{../../id}}\">{{{value}}}</a>\n                                    {{else}}\n                                        {{{value}}}\n                                    {{/if}}\n                                </dd>\n                            {{/each}}\n                        </dl>\n\n                        <a href=\"#\" data-item-edit=\"{{id}}\">{{lang 'cart.checkout.change'}}</a>\n                    {{/if}}\n\n                    {{#if type '==' 'GiftCertificate'}}\n                        <a href=\"{{edit_url}}\">{{lang 'cart.checkout.change'}}</a>\n                    {{/if}}\n                    {{> components/cart/item-giftwrap this}}\n                    {{#if event_date}}\n                        <dl class=\"cart-item-options\">\n                            <dt class=\"cart-item-option-title\">\n                                {{event_date.name}}\n                            </dt>\n\n                            <dd class=\"cart-item-option-description\">\n                                {{event_date.date}}\n                            </dd>\n                        </dl>\n                    {{/if}}\n\n                </td>\n                <td class=\"cart-item-block cart-item-info\">\n                    <span class=\"cart-item-label\">{{lang 'cart.checkout.price'}}</span>\n                    {{#or ../customer (if ../theme_settings.restrict_to_login '!==' true)}}\n                        <span class=\"cart-item-value {{#if price_discounted}}price--discounted{{/if}}\">{{price.formatted}}</span>\n                        {{#if price_discounted}}\n                            <span class=\"cart-item-value\">{{price_discounted.formatted}}</span>\n                        {{/if}}\n                    {{else}}\n                        {{> components/common/login-for-pricing}}\n                    {{/or}}\n                </td>\n\n                <td class=\"cart-item-block cart-item-info cart-item-quantity\">\n\n                    <label class=\"form-label cart-item-label\" for=\"qty-{{id}}\">{{lang 'products.quantity'}}</label>\n                    <div class=\"form-increment\">\n                        {{# if can_modify}}\n                            <button class=\"button button--icon\" data-cart-update data-cart-itemid=\"{{id}}\" data-action=\"dec\">\n                                <span class=\"is-srOnly\">{{lang 'products.quantity_decrease'}}</span>\n                                <i class=\"icon\" aria-hidden=\"true\"><svg><use xlink:href=\"#icon-keyboard-arrow-down\" /></svg></i>\n                            </button>\n                        {{/if}}\n                        <input class=\"form-input form-input--incrementTotal cart-item-qty-input\"\n                               id=\"qty-{{id}}\"\n                               name=\"qty-{{id}}\"\n                               type=\"tel\"\n                               value=\"{{quantity}}\"\n                               data-quantity-min=\"{{min_purchase_quantity}}\"\n                               data-quantity-max=\"{{max_purchase_quantity}}\"\n                               data-quantity-min-error=\"{{lang 'products.quantity_min' quantity=min_purchase_quantity}}\"\n                               data-quantity-max-error=\"{{lang 'products.quantity_max' quantity=max_purchase_quantity}}\"\n                               min=\"1\"\n                               pattern=\"[0-9]*\"\n                               data-cart-itemid=\"{{id}}\"\n                               data-action=\"manualQtyChange\"\n                               aria-live=\"polite\"{{#unless can_modify}} disabled{{/unless}}>\n                        {{# if can_modify}}\n                            <button class=\"button button--icon\" data-cart-update data-cart-itemid=\"{{id}}\" data-action=\"inc\">\n                                <span class=\"is-srOnly\">{{lang 'products.quantity_increase'}}</span>\n                                <i class=\"icon\" aria-hidden=\"true\"><svg><use xlink:href=\"#icon-keyboard-arrow-up\" /></svg></i>\n                            </button>\n                        {{/if}}\n                    </div>\n\n                </td>\n\n                <td class=\"cart-item-block cart-item-info\">\n                    <span class=\"cart-item-label\">{{lang 'cart.checkout.total'}}</span>\n                    {{#or ../customer (if ../theme_settings.restrict_to_login '!==' true)}}\n                        <strong class=\"cart-item-value {{#if total_discounted}}price--discounted{{/if}}\">{{total.formatted}}</strong>\n                        {{#if total_discounted}}\n                            <strong class=\"cart-item-value\">{{total_discounted.formatted}}</strong>\n                        {{/if}}\n                    {{else}}\n                        {{> components/common/login-for-pricing}}\n                    {{/or}}\n                    {{# if can_modify}}\n                        <a class=\"cart-remove icon\" data-cart-itemid=\"{{id}}\" href=\"#\" data-confirm-delete=\"{{lang 'cart.confirm_delete'}}\">\n                            <svg><use xlink:href=\"#icon-close\"></use></svg>\n                        </a>\n                    {{else}}\n                        {{#if type '==' 'GiftCertificate'}}\n                            <a class=\"cart-remove icon\" data-cart-itemid=\"{{id}}\" href=\"#\" data-confirm-delete=\"{{lang 'cart.confirm_delete'}}\">\n                                <svg><use xlink:href=\"#icon-close\"></use></svg>\n                            </a>\n                        {{/if}}\n                    {{/if}}\n                </td>\n            </tr>\n        {{/each}}\n    </tbody>\n</table>\n{{{ remote_api_scripts }}}\n",
  "components/cart/totals": "<ul class=\"cart-totals\">\n    <li class=\"cart-total\">\n        <div class=\"cart-total-label\">\n            <strong>{{lang 'cart.checkout.subtotal'}}:</strong>\n        </div>\n        <div class=\"cart-total-value\">\n            {{#or customer (if theme_settings.restrict_to_login '!==' true)}}\n                <span>{{cart.sub_total.formatted}}</span>\n            {{else}}\n                {{> components/common/login-for-pricing}}\n            {{/or}}\n        </div>\n    </li>\n    {{#if cart.gift_wrapping_cost.amount}}\n        <li class=\"cart-total\">\n            <div class=\"cart-total-label\">\n                <strong>{{lang 'cart.checkout.gift_wrapping'}}:</strong>\n            </div>\n            <div class=\"cart-total-value\">\n                <span>{{cart.gift_wrapping_cost.formatted}}</span>\n            </div>\n        </li>\n    {{/if}}\n    {{#if cart.shipping_handling.show_estimator}}\n        <li class=\"cart-total\">\n            <div class=\"cart-total-label\">\n                <strong>{{lang 'cart.checkout.shipping'}}:</strong>\n            </div>\n            {{> components/cart/shipping-estimator cart.shipping_handling}}\n        </li>\n    {{/if}}\n    {{#each cart.taxes}}\n        <li class=\"cart-total\">\n            <div class=\"cart-total-label\">\n                <strong>{{name}}:</strong>\n            </div>\n            <div class=\"cart-total-value\">\n                <span>{{cost.formatted}}</span>\n            </div>\n        </li>\n    {{/each}}\n    {{#if cart.discount }}\n        <li class=\"cart-total\">\n            <div class=\"cart-total-label\">\n                <strong>{{lang 'cart.discount'}}:</strong>\n            </div>\n            <div class=\"cart-total-value\">\n                {{cart.discount.formatted}}\n            </div>\n        </li>\n    {{/if}}\n    {{#if cart.coupons}}\n        {{#each cart.coupons}}\n            <li class=\"cart-total\">\n                <div class=\"cart-total-label\">\n                    <strong>{{lang 'cart.coupons.code_label' code=code}}</strong>\n                    <div>\n                        <a href=\"{{remove_url}}\">{{lang 'cart.coupons.remove'}}</a>\n                    </div>\n                </div>\n                <div class=\"cart-total-value\">\n                    <span>{{discount.formatted}}</span>\n                </div>\n            </li>\n        {{/each}}\n    {{else}}\n        <li class=\"cart-total\">\n            <div class=\"cart-total-label\">\n                <strong>{{lang 'cart.coupon_code'}}:</strong>\n            </div>\n            {{> components/cart/coupon-input}}\n        </li>\n    {{/if}}\n    {{#if settings.gift_certificates_enabled}}\n        {{#each cart.gift_certificates}}\n            <li class=\"cart-total\">\n                <div class=\"cart-total-label\">\n                    <strong>{{lang 'cart.gift_certificates.code_label' code=code}}</strong>\n                    <span>\n                        {{remaining.formatted}} | <a href=\"{{remove_url}}\">{{lang 'cart.gift_certificates.remove'}}</a>\n                    </span>\n                </div>\n                <div class=\"cart-total-value\">\n                    {{used.formatted}}\n                </div>\n            </li>\n        {{/each}}\n        <li class=\"cart-total\">\n            <div class=\"cart-total-label\">\n                <strong>{{lang 'cart.gift_certificates.gift_certificate'}}:</strong>\n            </div>\n            {{> components/cart/gift-certificate-input}}\n        </li>\n    {{/if}}\n    <li class=\"cart-total\">\n        <div class=\"cart-total-label\">\n            <strong>{{lang 'cart.checkout.grand_total'}}:</strong>\n        </div>\n        <div class=\"cart-total-value cart-total-grandTotal\">\n            {{#or customer (if theme_settings.restrict_to_login '!==' true)}}\n                <span>{{cart.grand_total.formatted}}</span>\n            {{else}}\n                {{> components/common/login-for-pricing}}\n            {{/or}}\n        </div>\n    </li>\n</ul>\n",
  "layout/base": "<!DOCTYPE html>\n<html class=\"no-js\" lang=\"{{ locale_name }}\">\n<head>\n    <title>{{ head.title }}</title>\n    {{{ resourceHints }}}\n    {{{ head.meta_tags }}}\n    {{{ head.config }}}\n    {{#block \"head\"}} {{/block}}\n    <link href=\"{{ head.favicon }}\" rel=\"shortcut icon\">\n    <meta name=\"viewport\" content=\"width=device-width, initial-scale=1, maximum-scale=1\">\n    <script>\n        // Change document class from no-js to js so we can detect this in css\n        document.documentElement.className = document.documentElement.className.replace('no-js', 'js');\n    </script>\n    <script async src=\"{{cdn 'assets/dist/theme-bundle.head_async.js' resourceHint='preload' as='script'}}\"></script>\n    {{getFontsCollection font-display='block'}}\n    {{{stylesheet '/assets/css/theme.css'}}}\n    {{{head.scripts}}}\n    {{{head.rsslinks}}}\n    {{inject 'themeSettings' theme_settings}}\n    {{inject 'genericError' (lang 'common.generic_error')}}\n    {{inject 'maintenanceMode' settings.maintenance}}\n    {{inject 'urls' urls}}\n    {{inject 'secureBaseUrl' settings.secure_base_url}}\n    {{inject 'cartId' cart_id}}\n    {{inject 'template' template}}\n</head>\n    <body id=\"body\" class=\"main{{#if theme_settings.body_width '===' 960}} nine-sixty{{/if}} {{#if theme_settings.body_width '===' 1170}} eleven-seventy {{/if}} {{#if theme_settings.body_width '===' 1280}} twelve-eighty {{/if}} {{#if theme_settings.body_width '===' 1366}} thirteen-sixty-six {{/if}} {{#if theme_settings.body_width '===' 1440}} fourteen-forty {{/if}} base-layout {{#if theme_settings.header-layout '!==' 'in-container'}} header-full-width{{/if}} {{#if theme_settings.header-layout '===' 'in-container'}} header-in-container{{/if}}\">\n\n        {{{snippet 'header'}}}\n        <svg data-src=\"{{cdn 'img/icon-sprite.svg'}}\" class=\"icons-svg-sprite\"></svg>\n\n        {{#and settings.privacy_cookie settings.is_eu_ip_address}}\n            {{> components/common/cookie}}\n        {{/and}}\n\n        {{> components/common/header }}\n        {{> components/common/body }}\n        {{> components/common/footer }}\n\n        <script>window.__webpack_public_path__ = \"{{cdn 'assets/dist/'}}\";</script>\n        <script src=\"{{cdn 'assets/dist/theme-bundle.main.js'}}\"></script>\n\n        <script>\n            // Exported in app.js\n            window.stencilBootstrap(\"{{page_type}}\", {{jsContext}}).load();\n        </script>\n\n        <link rel=\"stylesheet\" href=\"https://ajax.googleapis.com/ajax/libs/jqueryui/1.12.1/themes/smoothness/jquery-ui.min.css\">\n\n        <!-- JS -->\n\n        <script src=\"https://ajax.googleapis.com/ajax/libs/webfont/1.6.26/webfont.js\" async></script>\n        <script>\n        // This will make sure WebFont.load is only used in the browser.\n        if (typeof window === 'undefined') {\n\t        var WebFont = require('webfont');\n\t        WebFont.load({\n\t\t      google: {\n\t\t\t      families: ['Roboto:100,100i,300,300i,400,400i,500,500i,700,700i,', 'Roboto+Condensed:300,300i,400,400i,700,700i']\n\t\t        },\n\t        });\n        }\n        </script>\n\n        {{{footer.scripts}}}\n\n    </body> \n</html>\n",
  "components/common/navigation-list-alternate": "{{#if children}}\n    <a class=\"navPages-action navPages-action-depth-max has-subMenu is-root{{#if is_active}} activePage{{/if}}\" href=\"{{url}}\">\n        {{name}} <i class=\"icon navPages-action-moreIcon\" aria-hidden=\"true\"><svg><use xlink:href=\"#icon-chevron-down\" /></svg></i>\n    </a>\n    {{> components/common/navigation-dropdown}}\n{{else}}\n    <a class=\"navPages-action\" href=\"{{url}}\">{{name}}</a>\n{{/if}}\n",
  "components/faceted-search/index": "<div id=\"facetedSearch\" class=\"facetedSearch sidebarBlock\">\n    {{> components/faceted-search/selected-facets selected}}\n\n    <a href=\"#facetedSearch-navList\" role=\"button\" class=\"facetedSearch-toggle toggleLink\" data-collapsible>\n        <span class=\"facetedSearch-toggle-text\">\n            {{#if facets.length '>' 2}}\n                {{lang 'search.faceted.browse-by'}} {{join (pluck facets 'title') ', ' limit=2}} &amp; {{toLowerCase (lang 'search.faceted.more')}}\n            {{else}}\n                {{lang 'search.faceted.browse-by'}} {{join (pluck facets 'title') ', ' lastSeparator=' & '}}\n            {{/if}}\n        </span>\n\n        <span class=\"facetedSearch-toggle-indicator\">\n            <span class=\"toggleLink-text toggleLink-text--on\">\n                {{lang 'search.faceted.hide-filters'}}\n\n                <i class=\"icon\" aria-hidden=\"true\">\n                    <svg><use xlink:href=\"#icon-keyboard-arrow-up\"/></svg>\n                </i>\n            </span>\n\n            <span class=\"toggleLink-text toggleLink-text--off\">\n                {{lang 'search.faceted.show-filters'}}\n\n                <i class=\"icon\" aria-hidden=\"true\">\n                    <svg><use xlink:href=\"#icon-keyboard-arrow-down\"/></svg>\n                </i>\n            </span>\n        </span>\n    </a>\n\n    {{#any facets visible=true}}\n        <div id=\"facetedSearch-navList\"\n            class=\"facetedSearch-navList\"\n        >\n            <div class=\"accordion accordion--navList\">\n                {{#each facets}}\n                    {{#if visible}}\n                        {{{dynamicComponent 'components/faceted-search/facets'}}}\n                    {{/if}}\n                {{/each}}\n            </div>\n\n            <div class=\"blocker\" style=\"display: none;\"></div>\n        </div>\n    {{/any}}\n</div>\n",
  "components/category/shop-by-price": "{{#if theme_settings.shop_by_price_visibility}}\n    <div class=\"sidebarBlock\">\n        <h5 class=\"sidebarBlock-heading\">{{lang 'category.shop_by_price'}}</h5>\n        <ul class=\"navList\">\n            {{#each shop_by_price}}\n            <li class=\"navList-item\">\n                <a class=\"navList-action {{#if selected }} is-active {{/if}}\" href=\"{{url}}\" alt=\"{{low.formatted}} - {{high.formatted}}\" title=\"{{low.formatted}} - {{high.formatted}}\">{{low.formatted}} - {{high.formatted}}</a>\n            </li>\n            {{/each}}\n\n            {{#any shop_by_price selected=true}}\n                <li class=\"navList-item\">\n                    <a href=\"{{category_url}}\" class=\"navList-action\">\n                        {{lang 'category.reset'}}\n                    </a>\n                </li>\n            {{/any}}\n        </ul>\n    </div>\n{{/if}}\n",
  "components/common/alert-info": "<div class=\"alertBox alertBox--info\">\n    <div class=\"alertBox-column alertBox-icon\">\n        <icon glyph=\"ic-success\" class=\"icon\" aria-hidden=\"true\"><svg xmlns=\"http://www.w3.org/2000/svg\" width=\"24\" height=\"24\" viewBox=\"0 0 24 24\"><path d=\"M12 2C6.48 2 2 6.48 2 12s4.48 10 10 10 10-4.48 10-10S17.52 2 12 2zm1 15h-2v-2h2v2zm0-4h-2V7h2v6z\"></path></svg></icon>\n    </div>\n    <p class=\"alertBox-column alertBox-message\">\n        <span>{{{this}}}</span>\n    </p>\n</div>\n",
  "components/cart/item-giftwrap": "{{#if show_gift_wrapping}}\n    <dl class=\"cart-item-options cart-item-options--giftWrapping\">\n        <dt class=\"cart-item-option-title\">\n            {{lang 'cart.gift_wrapping.title'}}:\n        </dt>\n        {{#if gift_wrapping}}\n            <dd class=\"cart-item-option-description\">\n                {{gift_wrapping.name}}\n                <span class=\"cart-item-option-actions\">\n                    (<a href=\"\" data-item-giftwrap=\"{{id}}\">{{lang 'cart.gift_wrapping.change'}}</a> or <a href=\"{{gift_wrapping.remove_url}}\" onclick=\"return confirm('{{lang 'cart.gift_wrapping.remove_confirm'}}')\">{{lang 'cart.gift_wrapping.remove'}}</a>)\n                </span>\n            </dd>\n            {{#if gift_wrapping.message}}\n                <dt class=\"cart-item-option-title\">\n                    {{lang 'cart.gift_wrapping.gift_message'}}:\n                </dt>\n                <dd class=\"cart-item-option-description\">\n                    {{gift_wrapping.message}}\n                </dd>\n            {{/if}}\n        {{else}}\n            <dd class=\"cart-item-option-description\">\n                <a href=\"\" data-item-giftwrap=\"{{id}}\">{{lang 'cart.gift_wrapping.add'}}</a>\n            </dd>\n        {{/if}}\n    </dl>\n{{/if}}\n",
  "components/common/login-for-pricing": "<a href=\"/login.php\" class=\"button button--small card-figcaption-button login-for-pricing\"><p translate>Log in for pricing</p></a>\n",
  "components/cart/shipping-estimator": "{{#if shipping_cost}}\n    <div class=\"cart-total-value\">\n        <div class=\"subtotal shipping-estimate-show\">\n            <a href=\"#\" class=\"shipping-estimate-value\">{{shipping_cost.formatted}}</a>\n        </div>\n    </div>\n{{else}}\n    <div class=\"cart-total-value\">\n        <button class=\"shipping-estimate-show\">{{lang 'cart.shipping_estimator.add_info'}}</button>\n        <button class=\"shipping-estimate-hide\" style=\"display: none;\">Cancel</button>\n    </div>\n{{/if}}\n\n<div class=\"shipping-estimator u-hiddenVisually\">\n    <form class=\"form estimator-form\" data-shipping-estimator>\n        <dl>\n            <dt class=\"estimator-form-label\">\n                <label class=\"form-label\" for=\"shipping-country\">{{lang 'cart.shipping_estimator.select_a_country'}}</label>\n            </dt>\n\n            <dd class=\"estimator-form-input\">\n                <select class=\"form-select\" id=\"shipping-country\" name=\"shipping-country\" data-field-type=\"Country\">\n                    <option>{{lang 'cart.shipping_estimator.select_a_country'}}</option>\n                    {{#each countries}}\n                        <option value=\"{{id}}\" {{#if selected}}selected=\"selected\"{{/if}}>\n                            {{name}}\n                        </option>\n                    {{/each}}\n                </select>\n            </dd>\n\n            <dt class=\"estimator-form-label\">\n                <label class=\"form-label\" for=\"shipping-state\">{{lang 'cart.shipping_estimator.select_a_state'}}</label>\n            </dt>\n\n            <dd class=\"estimator-form-input\">\n                {{#if states.length}}\n                    <select class=\"form-select\" id=\"shipping-state\" name=\"shipping-state\" data-field-type=\"State\">\n                        <option>{{lang 'cart.shipping_estimator.select_a_state'}}</option>\n                        {{#each states}}\n                            <option value=\"{{id}}\" {{#if selected}}selected=\"selected\"{{/if}}>\n                                {{name}}\n                            </option>\n                        {{/each}}\n                    </select>\n                {{else}}\n                    <input class=\"form-input\" type=\"text\" id=\"shipping-state\" name=\"shipping-state\" data-field-type=\"State\" placeholder=\"{{lang 'cart.shipping_estimator.select_a_state'}}\">\n                {{/if}}\n            </dd>\n\n            <dt class=\"estimator-form-label\">\n                <label class=\"form-label\" for=\"shipping-city\">{{lang 'cart.shipping_estimator.suburb_city'}}</label>\n            </dt>\n            <dd class=\"estimator-form-input\">\n                <input class=\"form-input\" type=\"text\" id=\"shipping-city\" name=\"shipping-city\" value=\"{{selected_city}}\" placeholder=\"{{lang 'cart.shipping_estimator.suburb_city'}}\">\n            </dd>\n\n            <dt class=\"estimator-form-label\">\n                <label class=\"form-label\" for=\"shipping-zip\">{{lang 'cart.shipping_estimator.zip_postal_code'}}</label>\n            </dt>\n            <dd class=\"estimator-form-input\">\n                <input class=\"form-input\" type=\"text\" id=\"shipping-zip\" name=\"shipping-zip\" value=\"{{selected_zip}}\" placeholder=\"{{lang 'cart.shipping_estimator.zip_postal_code'}}\">\n            </dd>\n            <button class=\"button button--primary button--small shipping-estimate-submit\">{{lang 'cart.shipping_estimator.estimate_shipping'}}</button>\n        </dl>\n    </form>\n    <div class=\"shipping-quotes\"></div>\n</div>\n",
  "components/cart/coupon-input": "<div class=\"cart-total-value\">\n\n    <button class=\"coupon-code-add\">{{lang 'cart.coupons.add_coupon'}}</button>\n\n    <button class=\"coupon-code-cancel\" style=\"display: none;\">{{lang 'cart.coupons.cancel'}}</button>\n</div>\n\n<div class=\"cart-form coupon-code\" style=\"display: none;\">\n    <form class=\"form form--hiddenLabels coupon-form\" method=\"post\" action=\"{{urls.cart}}\">\n        <label class=\"form-label\" for=\"couponcode\">{{lang 'cart.coupons.coupon_code'}}</label>\n        <input class=\"form-input\" data-error=\"{{lang 'cart.coupons.empty_error'}}\"  id=\"couponcode\" type=\"text\" name=\"couponcode\" value=\"\" placeholder=\"{{lang 'cart.coupons.coupon_code'}}\">\n        <input class=\"button button--primary button--small\" type=\"submit\" value=\"{{lang 'cart.coupons.button'}}\">\n        <input type=\"hidden\" name=\"action\" value=\"applycoupon\">\n    </form>\n</div>\n",
  "components/cart/gift-certificate-input": "<div class=\"cart-total-value\">\n\n    <button class=\"gift-certificate-add\">{{lang 'cart.gift_certificates.gift_certificate'}}</button>\n\n    <button class=\"gift-certificate-cancel\" style=\"display: none;\">{{lang 'cart.coupons.cancel'}}</button>\n</div>\n\n<div class=\"cart-form gift-certificate-code\" style=\"display: none;\">\n    <form class=\"form form--hiddenLabels cart-gift-certificate-form\" method=\"post\" action=\"{{urls.cart}}\">\n        <label class=\"form-label\" for=\"certcode\">{{lang 'cart.gift_certificates.cert_code'}}</label>\n        <input class=\"form-input\" data-error=\"{{lang 'cart.gift_certificates.empty_error'}}\"  id=\"certcode\" type=\"text\" name=\"certcode\" value=\"\" placeholder=\"{{lang 'cart.gift_certificates.add_cert_code'}}\">\n        <input class=\"button button--primary button--small\" type=\"submit\" value=\"{{lang 'cart.coupons.button'}}\">\n        <input type=\"hidden\" name=\"action\" value=\"applycoupon\">\n    </form>\n</div>\n",
  "components/common/cookie": "<div class=\"cookieMessage\">\n    <div class=\"cookieMessage-container\">\n        <div class=\"cookieMessage-text\">\n            <p>{{settings.privacy_cookie}}</p>\n        </div>\n        <button class=\"button button--primary button--small\" data-privacy-accept>{{lang 'cookies.accept'}}</button>\n    </div>\n</div>\n",
  "components/common/header": "<div class=\"header-container {{#if theme_settings.sticky_topMenu '===' true}}sticky-header{{/if}}{{#if settings.gift_certificates_enabled}} gift-certificates-enabled {{/if}}\">\n<div class=\"top-menu\">\n    <div class=\"content\">\n\n      <!-- NEW BUTTON TO TRIGGER MAIN NAV WHEN STICKY -->\n      <!-- <div class=\"alt-toggle\">\n        <h2 class=\"container-header btn\"><span class=\"down-arrrow burger-menu\"><i class=\"burger open\" aria-hidden=\"true\"><svg><use xlink:href=\"#icon-Menu\" /></svg></i><i class=\"menu close\" aria-hidden=\"true\"><svg><use xlink:href=\"#icon-close\" /></svg></i></span></h2>\n        <h2 class=\"container-header text\"><span class=\"mega-shop-text\"></span></h2>\n      </div> -->\n\n         <a href=\"#\" class=\"mobileMenu-toggle\" data-mobile-menu-toggle=\"menu\">\n            <span class=\"mobileMenu-toggleIcon\">Toggle menu</span>\n        </a>\n\n        <!-- OPTIONAL SHORT MESSAGE LINK -->\n        <!-- <div class=\"left\">\n          <a class=\"optional-message-link\" href=\"\">Put an optional message here.</a>\n        </div> -->\n\n        <div class=\"left phone-number\">\n            {{#if settings.phone_number}}\n                {{settings.phone_number}}\n            {{/if}}\n        </div>\n\n        {{>components/common/currency-selector}}\n\n        {{#if theme_settings.sticky_topMenu '===' true}}\n\n        {{/if}}\n\n        <div class=\"right account-links\">\n            <ul>\n               {{#if settings.gift_certificates_enabled}}\n                    <li class=\"navUser-item gift-certficates\">\n                        <a class=\"navUser-action\" href=\"{{urls.gift_certificate.purchase}}\">{{lang 'cart.gift_certificate'}}</a>\n                    </li>\n                {{/if}}\n                {{#if settings.account_creation_enabled}}\n                    <li class=\"navUser-item navUser-item--account\">\n                        {{#if customer}}\n                            <a class=\"navUser-action account\" href=\"{{urls.account.index}}\"><i class=\"fa fa-user\" aria-hidden=\"true\"><svg><use xlink:href=\"#icon-user-alt\" /></svg></i></a>\n                            <a class=\"navUser-action logout\" href=\"{{urls.auth.logout}}\">{{lang 'common.logout'}}</a>\n                        {{else}}\n                            <a class=\"navUser-action\" href=\"{{urls.auth.login}}\"><!-- <i class=\"fa fa-user\" aria-hidden=\"true\"></i> --><a class=\"navUser-action login\" href=\"{{urls.auth.login}}\">{{lang 'common.login'}}</a><span class=\"or-text\">or</span><a class=\"navUser-action create\" href=\"{{urls.auth.create_account}}\">{{lang 'Sign Up'}}</a>\n                        {{/if}}\n                     </li>\n                {{/if}}\n        <li class=\"navUser-item navUser-item--cart {{#if cart.items}} countPill--positive{{/if}}\">\n            <a\n                class=\"navUser-action\"\n                data-cart-preview\n                data-dropdown=\"cart-preview-dropdown\"\n                data-options=\"align:right\"\n                href=\"{{urls.cart}}\">\n                <span class=\"navUser-item-cartLabel\"><i class=\"cart-icon\" aria-hidden=\"true\"><svg><use xlink:href=\"#icon-cart\" /></svg></i></span> <span class=\"countPill{{#if cart.items}} countPill--positive{{/if}} cart-quantity\">{{cart.quantity}}</span>\n            </a>\n\n            <div class=\"dropdown-menu\" id=\"cart-preview-dropdown\" data-dropdown-content aria-hidden=\"true\"></div>\n        </li>\n            </ul>\n        </div>\n        <div class=\"clear\"></div>\n    </div>\n</div>\n\n<div class=\"header-container full-width {{#if theme_settings.slider_width '===' 'full-width'}} full-width-auto {{/if}} full-width{{#if theme_settings.header-layout '!==' 'full-width'}} in-container{{/if}}\">\n  <div class=\"header-padding{{#if theme_settings.header-layout '===' 'in-container-with-padding-no-margin'}} in-container-with-padding-no-margin{{/if}}\">\n  <div class=\"header-padding{{#if theme_settings.header-layout '===' 'in-container-with-padding'}} in-container-with-padding{{/if}}\">\n  <header class=\"header\" role=\"banner\">\n    {{#if page_type '===' 'default'}}\n        <div class=\"header-logo header-logo--{{theme_settings.logo-position}}\">\n            {{> components/common/store-logo}}\n        </div>\n    {{else}}\n        <div class=\"header-logo header-logo--{{theme_settings.logo-position}}\">\n            {{> components/common/store-logo}}\n        </div>\n    {{/if}}\n\n{{#if theme_settings.logo-position '===' 'left'}}\n  <div class=\"navPages-container inside-header left-logo search-container not-sticky\" id=\"menu\" data-menu>\n    <nav class=\"navPages\">\n        <div class=\"navPages-quickSearch right searchbar\">\n            {{> components/common/quick-search}}\n        </div>\n    </nav>\n</div>\n{{/if}}\n{{#if theme_settings.logo-position '===' 'right'}}\n<div class=\"navPages-container inside-header right-logo search-container not-sticky\" id=\"menu\" data-menu>\n    <nav class=\"navPages\">\n        <div class=\"navPages-quickSearch right searchbar\">\n            {{> components/common/quick-search}}\n        </div>\n    </nav>\n</div>\n{{/if}}\n{{#if theme_settings.logo-position '===' 'center'}}\n<div class=\"navPages-container inside-header center-logo search-container not-sticky\" id=\"menu\" data-menu>\n    <nav class=\"navPages\">\n        <div class=\"navPages-quickSearch right searchbar\">\n            {{> components/common/quick-search}}\n        </div>\n    </nav>\n</div>\n{{/if}}\n<div class=\"clear\"></div>\n<div class=\"mobile-menu navPages-container\" id=\"menu\" data-menu>\n  <div class=\"currency-converter\">\n    <ul class=\"navPages-list navPages-list--user\">\n        {{#if currency_selector.currencies.length '>' 1}}\n            <li class=\"navPages-item\">\n                <a class=\"navPages-action has-subMenu\" href=\"#\" data-collapsible=\"navPages-currency\" aria-controls=\"navPages-currency\" aria-expanded=\"false\">\n                    {{currency_selector.active_currency_code}} <i class=\"icon navPages-action-moreIcon\" aria-hidden=\"true\"><svg><use xmlns:xlink=\"http://www.w3.org/1999/xlink\" xlink:href=\"#icon-chevron-down\"></use></svg></i>\n                </a>\n                <div class=\"navPage-subMenu\" id=\"navPages-currency\" aria-hidden=\"true\" tabindex=\"-1\">\n                    <ul class=\"navPnavPagesage-subMenu-list\">\n                      {{#each currency_selector.currencies}}\n                      <li class=\"dropdown-menu-item\">\n                          <a class=\"currency-name-switcher\" href=\"{{{switch_url}}}\">\n                              {{#if is_active}}\n                              <strong>{{{flag}}} {{name}}</strong>\n                              {{else}}\n                              {{{flag}}} {{name}}\n                              {{/if}}\n                          </a>\n                      </li>\n                      {{/each}}\n                    </ul>\n                </div>\n            </li>\n        {{/if}}\n    </ul>\n  </div>\n        {{> components/common/navigation-menu}}\n</div>\n</header>\n</div>\n</div>\n</div>\n\n<div class=\"main-nav-container{{#if theme_settings.header-layout '!==' 'in-container'}} full-width{{/if}} {{#if theme_settings.header-layout '===' 'in-container'}} in-container{{/if}}\">\n  <div class=\"navPages-container main-nav\" id=\"menu\" data-menu>\n        {{> components/common/navigation-menu}}\n  </div>\n</div>\n</div>\n{{{region name=\"header_bottom--global\"}}}\n</div>\n",
  "components/common/body": "<div class=\"body content\" data-currency-code=\"{{currency_selector.active_currency_code}}\">\n    {{#block \"hero\"}} {{/block}}\n    <div class=\"container main\">\n        {{#block \"page\"}} {{/block}}\n    </div>\n    {{> components/common/modal}}\n    {{> components/common/alert-modal}}\n    <div class=\"clear\"></div>\n</div>\n",
  "components/common/footer": "{{{region name=\"footer_above_full_width--global\"}}}\n<footer class=\"footer\" role=\"contentinfo\">\n\t{{#if settings.show_newsletter_box}}\n    <div class=\"footer-top newsletter\">\n        <div class=\"content newsletter\">\n            <div class=\"\" data-section-type=\"newsletterSubscription\">\n                    {{> components/common/subscription-form}}\n\t\t\t\t\t\t\t\t\t\t<div class=\"clear\"></div>\n            </div>\n      \t\t\t<div class=\"clear\"></div>\n        </div>\n    </div>\n\n\t\t<div class=\"global-region screen-width below-footer-newsletter\">\n\t\t\t<div class=\"global-region body-width\">\n\t\t\t\t{{{region name=\"footer_below_newsletter--global\"}}}\n\t\t\t</div>\n\t\t</div>\n\n   {{/if}}\n    <div class=\"container\">\n        <section class=\"footer-info\">\n         <article class=\"footer-info-col footer-info-col--small\" data-section-type=\"storeInfo\">\n                <h5 class=\"footer-info-heading\">Contact Us</h5>\n                <div class=\"regular\">\n                    <address>{{nl2br settings.address}}</address>\n                </div>\n\n\t\t\t\t\t\t\t\t<div class=\"global-region container-width\"> <!-- can be used for SSL Certificate Seal -->\n\t\t\t\t\t\t\t\t\t{{{region name=\"footer_below_contact--global\"}}}\n\t\t\t\t\t\t\t\t</div>\n        </article>\n\n            <article class=\"footer-info-col footer-info-col--small\" data-section-type=\"footer-webPages\">\n                <h5 class=\"footer-info-heading\">Accounts & Orders</h5>\n                <div class=\"regular\">\n                <ul class=\"footer-info-list\">\n                \t{{#if settings.gift_certificates_enabled}}\n                        <li>\n                            <a href=\"/giftcertificates.php\">Gift Certificates</a>\n                        </li>\n                    {{/if}}\n\t\t\t\t\t\t\t\t\t\t{{#if settings.show_wishlist}}\n\t\t\t\t\t\t\t\t\t\t\t<li>\n\t\t\t\t\t\t\t\t\t\t\t\t<a href=\"/wishlist.php\">Wishlist</a>\n\t\t\t\t\t\t\t\t\t\t\t</li>\n\t\t\t\t\t\t\t\t\t\t{{/if}}\n                    {{#if settings.account_creation_enabled}}\n                        {{#if customer}}\n                            <li><a class=\"navUser-action\" href=\"{{urls.account.index}}\">{{lang 'common.account'}}</a></li>\n                            <li><a class=\"navUser-action\" href=\"{{urls.auth.logout}}\">{{lang 'common.logout'}}</a></li>\n\t\t\t\t\t\t\t\t\t\t\t\t\t\t<li>\n\t\t\t\t                        <a href=\"/account.php?action=order_status\">Order Status</a>\n\t\t\t\t                    </li>\n                        {{else}}\n                            <li><a class=\"navUser-action\" href=\"{{urls.auth.login}}\">{{lang 'common.login'}}</a>\n                            {{#if settings.account_creation_enabled}}\n                                <span class=\"navUser-or\">{{lang 'common.or'}}</span> <a class=\"navUser-action\" href=\"{{urls.auth.create_account}}\">{{lang 'common.sign_up'}}</a></li>\n                            {{/if}}\n                        {{/if}}\n                    {{/if}}\n\n\t\t\t\t\t\t\t\t\t\t{{#if theme_settings.show_shipping_returns_link}}\n                    \t<li>\n\t\t\t\t\t\t\t\t\t\t\t\t<a href=\"{{theme_settings.shipping_returns_url}}\">{{theme_settings.shipping_returns_link_name}}</a>\n                    \t</li>\n\t\t\t\t\t\t\t\t\t\t{{/if}}\n                </ul>\n                </div>\n\n\t\t\t\t\t\t\t\t<div class=\"global-region container-width\"> <!-- can be used for SSL Certificate Seal -->\n\t\t\t\t\t\t\t\t\t{{{region name=\"footer_below_account--global\"}}}\n\t\t\t\t\t\t\t\t</div>\n            </article>\n\n            <article class=\"footer-info-col footer-info-col--small\" data-section-type=\"footer-categories\">\n                <h5 class=\"footer-info-heading\">Quick Links</h5>\n                <div class=\"regular\">\n                <ul class=\"footer-info-list\">\n                    {{#each pages}}\n                    <li>\n                        <a href=\"{{url}}\">{{name}}</a>\n                    </li>\n                    {{/each}}\n                </ul>\n                </div>\n\n\t\t\t\t\t\t\t\t<div class=\"global-region container-width\">\n\t\t\t\t\t\t\t\t\t{{{region name=\"footer_below_quick_links--global\"}}} <!-- can be used for SSL Certificate Seal -->\n\t\t\t\t\t\t\t\t</div>\n            </article>\n\n            <article class=\"footer-info-col footer-info-col--small\" data-section-type=\"footer-categories\">\n\n\t\t\t\t\t\t\t{{#if settings.blog_enabled}}\n                <h5 class=\"footer-info-heading recent-posts-heading\">Recent Blog Posts</h5>\n                <div class=\"blog regular\">\n                    <ul class=\"footer-info-list\">\n                        {{#each (limit blog.recent_posts theme_settings.footer_blog_posts_count)}}\n                            <li><a href=\"{{url}}\">{{title}}</a></li>\n                        {{/each}}\n                    </ul>\n                </div>\n\t\t\t\t\t\t\t{{/if}}\n\n                <div class=\"social-media\">\n                    {{> components/common/social-links}}\n                </div>\n\n\t\t\t\t\t\t\t <div class=\"global-region container-width\"> \t<!-- can be used for SSL Certificate Seal -->\n\t\t\t\t\t\t\t\t\t{{{region name=\"footer_below_social_links--global\"}}}\n\t\t\t\t\t\t\t </div>\n            </article>\n            <div class=\"clear\"></div>\n\n            {{> components/common/payment-icons}}\n\n\t\t\t\t\t\t<div class=\"global-region container-width below-payment-icons\"> <!-- can be used for SSL Certificate Seal -->\n\t\t\t\t\t\t  {{{region name=\"footer_below_payment_icons--global\"}}}\n\t\t\t\t\t\t</div>\n\n        </section>\n\n        <div class=\"clear\"></div>\n    </div>\n\n\t\t<div class=\"global-region screen-width above-footer-creditsBar\">\n\t\t\t<div class=\"global-region body-width\">\n\t\t\t\t{{{region name=\"footer_above_credits_bar--global\"}}} <!-- can be used for SSL Certificate Seal -->\n\t\t\t</div>\n\t</div>\n\n    <div class=\"footer-bottom\">\n        <div class=\"content copyright\">\n\t\t\t\t\t<ul class=\"site-info\">\n\t\t\t\t\t\t\t{{#if theme_settings.show_copyright_footer}}\n\t\t\t\t\t\t\t\t\t\t\t<li class=\"copyright\"><span class=\"current-year\">&copy; <span id=\"copyright_year\"></span> {{settings.store_name}}</span></li>\n\t\t\t\t\t\t\t{{/if}}\n\n\t\t\t\t\t\t\t{{#if theme_settings.show_copyright_footer '===' true}}\n\t\t\t\t\t\t\t\t{{#if theme_settings.show_sitemap_link '===' true}}\n\t\t\t\t\t\t\t\t\t{{#if theme_settings.show_powered_by '===' true}}\n\t\t\t\t\t\t\t\t\t\t<span class=\"separator\"> | </span>\n\t\t\t\t\t\t\t\t\t{{/if}}\n\t\t\t\t\t\t\t\t{{/if}}\n\t\t\t\t\t\t\t{{/if}}\n\n\t\t\t\t\t\t\t{{#if theme_settings.show_copyright_footer '===' true}}\n\t\t\t\t\t\t\t\t{{#if theme_settings.show_sitemap_link '===' true}}\n\t\t\t\t\t\t\t\t\t{{#if theme_settings.show_powered_by '===' false}}\n\t\t\t\t\t\t\t\t\t\t<span class=\"separator\"> | </span>\n\t\t\t\t\t\t\t\t\t{{/if}}\n\t\t\t\t\t\t\t\t{{/if}}\n\t\t\t\t\t\t\t{{/if}}\n\n\t\t\t\t\t\t\t{{#if theme_settings.show_copyright_footer '===' true}}\n\t\t\t\t\t\t\t\t{{#if theme_settings.show_sitemap_link '===' false}}\n\t\t\t\t\t\t\t\t\t{{#if theme_settings.show_powered_by '===' true}}\n\t\t\t\t\t\t\t\t\t\t<span class=\"separator\"> | </span>\n\t\t\t\t\t\t\t\t\t{{/if}}\n\t\t\t\t\t\t\t\t{{/if}}\n\t\t\t\t\t\t\t{{/if}}\n\n\t\t\t\t\t\t\t{{#if theme_settings.show_sitemap_link}}\n\t\t\t\t\t\t\t\t<li class=\"sitemap\"><a href=\"{{urls.sitemap}}\">{{lang 'sitemap.page_title'}}</a></li>\n\t\t\t\t\t\t\t{{/if}}\n\n\t\t\t\t\t\t\t\t{{#if theme_settings.show_sitemap_link '===' true}}\n\t\t\t\t\t\t\t\t\t{{#if theme_settings.show_powered_by '===' true}}\n\t\t\t\t\t\t\t\t\t\t<span class=\"separator\"> | </span>\n\t\t\t\t\t\t\t\t\t{{/if}}\n\t\t\t\t\t\t\t\t{{/if}}\n\n\t\t\t\t\t\t\t{{#if theme_settings.show_powered_by}}\n\t\t\t\t\t\t\t\t<li class=\"built-by\">Premium <a target=\"_blank\" href=\"https://www.bigcommerce.com/\">BigCommerce</a> Theme by <a class=\"lone-star-templates\" target=\"_blank\" href=\"http://lonestartemplates.com/\">Lone Star Templates</a></li>\n\t\t\t\t\t\t\t{{/if}}\n\t\t\t\t\t\t<div class=\"clear\"></div>\n\t\t\t\t\t\t</ul>\n        </div>\n    </div>\n\n\t\t<div class=\"global-region screen-width below-footer-creditsBar\">\n\t\t\t<div class=\"global-region body-width\">\n\t\t\t\t{{{region name=\"footer_below_credits_bar--global\"}}} <!-- can be used for SSL Certificate Seal -->\n\t\t\t</div>\n\t\t</div>\n\n    <div id=\"topcontrol\" class=\"backtoTop\" title=\"Scroll Back to Top\">\n          <svg class=\"icon back-to-top-icon\" title=\"submit\" alt=\"submit\"><use xlink:href=\"#icon-caret-square-up\"></use></svg>\n      </div>\n    </footer>\n",
  "components/common/navigation-dropdown": "<div class=\"navPage-subMenu navPage-subMenu-horizontal\" id=\"navPages-{{id}}\" aria-hidden=\"true\" tabindex=\"-1\">\n    <ul class=\"navPage-subMenu-list\">\n        <!-- <li class=\"navPage-subMenu-item-parent\">\n            <a class=\"navPage-subMenu-action navPages-action navPages-action-depth-max {{#if is_active}} activePage{{/if}}\" href=\"{{url}}\">{{lang 'category.view_all.name' category=name}}</a>\n        </li> -->\n        {{#each children}}\n            <li class=\"navPage-subMenu-item-child\">\n                {{#if children}}\n                    <a class=\"navPage-subMenu-action navPages-action navPages-action-depth-max has-subMenu{{#if is_active}} activePage{{/if}}\" href=\"{{url}}\" data-collapsible=\"navPages-{{id}}\">\n                        {{name}} <i class=\"icon navPages-action-moreIcon\" aria-hidden=\"true\"><svg><use xlink:href=\"#icon-chevron-down\" /></svg></i>\n                    </a>\n                    {{> components/common/navigation-dropdown}}\n                {{else}}\n                    <a class=\"navPage-subMenu-action navPages-action{{#if is_active}} activePage{{/if}}\" href=\"{{url}}\">{{name}}</a>\n                {{/if}}\n            </li>\n        {{/each}}\n    </ul>\n</div>\n",
  "components/common/currency-selector": "{{#if currency_selector.currencies.length '>' 1}}\n<div class=\"currency-converter\">\n<li class=\"navUser-item currency-menu\">\n    <a class=\"navUser-action has-dropdown\" title=\"Currency Selector\" alt=\"Currency Selector\" href=\"#\" data-dropdown=\"currencySelection\" aria-controls=\"currencySelection\" aria-expanded=\"false\">{{currency_selector.active_currency_code}} <i class=\"icon currency\" aria-hidden=\"true\"><svg><use xlink:href=\"#icon-chevron-down\" /></svg></i></a>\n    <ul class=\"dropdown-menu\" id=\"currencySelection\" data-dropdown-content aria-hidden=\"true\" tabindex=\"-1\">\n        {{#each currency_selector.currencies}}\n        <li class=\"dropdown-menu-item\">\n            <a class=\"currency-name-switcher\" href=\"{{{switch_url}}}\">\n                {{#if is_active}}\n                <strong>{{{flag}}} {{name}}</strong>\n                {{else}}\n                {{{flag}}} {{name}}\n                {{/if}}\n            </a>\n        </li>\n        {{/each}}\n    </ul>\n</li>\n</div>\n{{/if}}\n",
  "components/common/store-logo": "<a href=\"{{urls.home}}\">\n    {{#if settings.store_logo.image}}\n        {{#if theme_settings.logo_size '===' 'original'}}\n            <img class=\"header-logo-image-unknown-size\" src=\"{{getImage settings.store_logo.image 'logo_size'}}\" alt=\"{{settings.store_logo.title}}\" title=\"{{settings.store_logo.title}}\">\n        {{else}}\n            <div class=\"header-logo-image-container\">\n                <img class=\"header-logo-image\" src=\"{{getImage settings.store_logo.image 'logo_size'}}\" alt=\"{{settings.store_logo.title}}\" title=\"{{settings.store_logo.title}}\">\n            </div>\n        {{/if}}\n    {{else}}\n        <span class=\"header-logo-text\">{{settings.store_logo.title}}</span>\n    {{/if}}\n</a>\n",
  "components/common/quick-search": "<div class=\"container\">\n    {{{ snippet \"forms_search\"}}}\n    <form class=\"form\" action=\"{{urls.search}}\">\n        <fieldset class=\"form-fieldset\">\n            <div class=\"form-field\">\n                <label class=\"u-hiddenVisually\" for=\"search_query\">{{lang \"search.quick_search.input_label\"}}</label>\n                <input class=\"form-input\" data-search-quick name=\"search_query\" id=\"search_query\" data-error-message=\"{{lang 'search.error.empty_field'}}\" placeholder=\"{{lang 'search.quick_search.input_placeholder'}}\" autocomplete=\"off\">\n                <div class=\"search-icon\"><svg class=\"header-icon search-icon\" title=\"submit\" alt=\"submit\"><use xlink:href=\"#icon-search\"></use></svg></div>\n                <input class=\"button button--primary form-prefixPostfix-button--postfix\" type=\"submit\" value=\"\">\n            </div>\n        </fieldset>\n        <div class=\"clear\"></div>\n    </form>\n    <div id=\"search-action-buttons\" class=\"search-buttons-container\">\n      <div class=\"align-right\">\n      <!-- <a href=\"#\" class=\"reset quicksearch\" aria-label=\"reset search\" role=\"button\" style=\"inline-block;\">\n        <span class=\"reset\" aria-hidden=\"true\">Reset Search</span>\n      </a> -->\n      <a href=\"#\" class=\"modal-close custom-quick-search\" aria-label=\"{{lang 'common.close'}}\" role=\"button\" style=\"inline-block;\">\n        <span aria-hidden=\"true\">&#215;</span>\n      </a>\n      <div class=\"clear\"></div>\n      </div>\n      <div class=\"clear\"></div>\n    </div>\n      <section id=\"quickSearch\" class=\"quickSearchResults\" data-bind=\"html: results\">\n      </section>\n      <div class=\"clear\"></div>\n</div>\n",
  "components/common/navigation-menu": "<nav class=\"navPages\">\n    <div class=\"navPages-quickSearch right searchbar\">\n        {{> components/common/quick-search}}\n    </div>\n    <ul class=\"navPages-list\">\n        <div class=\"nav-align{{#if theme_settings.mainNav-align '!==' 'left'}} center{{/if}}\">\n        <div class=\"custom-pages-nav\">\n          <div id=\"desktop-menu\">\n            <h2 class=\"container-header mobile\">Main Menu</h2>\n            {{#each pages}}\n                <li class=\"navPages-item\">\n                    {{> components/common/navigation-list}}\n                </li>\n            {{/each}}\n          </div>\n            <div id=\"mobile-menu\">\n              <div class=\"category-menu\">\n                <h2 class=\"container-header mobile\">Shop By Category</h2>\n                {{#each categories}}\n                  <li class=\"navPages-item mobile\">\n                    {{> components/common/navigation-list}}\n                  </li>\n                {{/each}}\n              </div>\n\n            {{#if theme_settings.brands_visibility_mobile_menu '===' true}}\n            <div class=\"brand-menu\">\n              <h2 class=\"container-header mobile\">Shop By Brand</h2>\n              {{#each shop_by_brand}}\n                <li class=\"navPages-item mobile\">\n                  <a class=\"navPages-action\" href=\"{{url}}\">{{name}}</a>\n                </li>\n              {{/each}}\n                  <li class=\"navPages-item mobile\">\n                    <a class=\"navPages-action\" href=\"/brands/\">View all Brands</a>\n                  </li>\n            <div class=\"clear\"></div>\n          </div>\n          {{/if}}\n\n          </div>\n        </div>\n    </ul>\n    <ul class=\"navPages-list navPages-list--user\">\n        {{#if currency_selector.currencies.length '>' 1}}\n            <li class=\"navPages-item\">\n                <a class=\"navPages-action has-subMenu\" href=\"#\" data-collapsible=\"navPages-currency\" aria-controls=\"navPages-currency\" aria-expanded=\"false\">\n                    {{lang 'common.currency' code=currency_selector.active_currency_code}} <i class=\"icon navPages-action-moreIcon\" aria-hidden=\"true\"><svg><use xmlns:xlink=\"http://www.w3.org/1999/xlink\" xlink:href=\"#icon-chevron-down\"></use></svg></i>\n                </a>\n                <div class=\"navPage-subMenu\" id=\"navPages-currency\" aria-hidden=\"true\" tabindex=\"-1\">\n                    <ul class=\"navPnavPagesage-subMenu-list\">\n                        {{#each currency_selector.currencies}}\n                        <li class=\"navPage-subMenu-item\">\n                            <a class=\"navPage-subMenu-action navPages-action\" href=\"{{{switch_url}}}\">\n                                {{#if is_active}}\n                                    <strong>{{name}}</strong>\n                                {{else}}\n                                    {{name}}\n                                {{/if}}\n                            </a>\n                        </li>\n                        {{/each}}\n                    </ul>\n                </div>\n            </li>\n        {{/if}}\n        <li class=\"navPages-item\">\n            <a class=\"navPages-action\" href=\"{{urls.gift_certificate.purchase}}\">{{lang 'common.gift_cert'}}</a>\n        </li>\n        {{#if customer.store_credit.value '>' 0}}\n            <li class=\"navPages-item\">\n                <a class=\"navPages-action navPages-action--storeCredit\">\n                    {{lang 'common.store_credit_overview' credit=customer.store_credit.formatted}}\n                </a>\n            </li>\n        {{/if}}\n        {{#if theme_settings.product_list_display_mode '==' 'list'}}\n            <li class=\"navPages-item\">\n                <a class=\"navPages-action navPages-action--compare\" href=\"{{urls.compare}}\" data-compare-nav>{{lang 'common.compare'}} <span class=\"countPill countPill--positive countPill--alt\"></span></a>\n            </li>\n        {{/if}}\n        {{#if customer}}\n            <li class=\"navPages-item account\">\n                <a class=\"navPages-action has-subMenu\" href=\"{{urls.account.index}}\" data-collapsible=\"navPages-account\">\n                    {{lang 'common.account'}} <i class=\"fa fa-chevron-down\" aria-hidden=\"true\"></i>\n                </a>\n                <div class=\"navPage-subMenu\" id=\"navPages-account\" aria-hidden=\"true\" tabindex=\"-1\">\n                    <ul class=\"navPage-subMenu-list\">\n                        <li class=\"navPage-subMenu-item\">\n                            <a class=\"navPage-subMenu-action navPages-action\" href=\"{{urls.account.orders.all}}\">{{lang 'account.nav.orders'}}</a>\n                        </li>\n                        {{#if settings.returns_enabled}}\n                            <li class=\"navPage-subMenu-item\">\n                                <a class=\"navPage-subMenu-action navPages-action\" href=\"{{urls.account.returns}}\">{{lang 'account.nav.returns'}}</a>\n                            </li>\n                        {{/if}}\n                        <li class=\"navPage-subMenu-item\">\n                            <a class=\"navPage-subMenu-action navPages-action\" href=\"{{urls.account.inbox}}\">{{lang 'account.mobile_nav.messages'}}</a>\n                        </li>\n                        <li class=\"navPage-subMenu-item\">\n                            <a class=\"navPage-subMenu-action navPages-action\" href=\"{{urls.account.addresses}}\">{{lang 'account.nav.addresses'}}</span></a>\n                        </li>\n                        <li class=\"navPage-subMenu-item\">\n                            <a class=\"navPage-subMenu-action navPages-action\" href=\"{{urls.account.wishlists.all}}\">{{lang 'account.mobile_nav.wishlists'}}</a>\n                        </li>\n                        <li class=\"navPage-subMenu-item\">\n                            <a class=\"navPage-subMenu-action navPages-action\" href=\"{{urls.account.recent_items}}\">{{lang 'account.nav.recently_viewed'}}</a>\n                        </li>\n                        <li class=\"navPage-subMenu-item\">\n                            <a class=\"navPage-subMenu-action navPages-action\" href=\"{{urls.account.details}}\">{{lang 'account.nav.settings'}}</a>\n                        </li>\n                    </ul>\n                </div>\n            </li>\n            <li class=\"navPages-item\">\n                <a class=\"navPages-action\" href=\"{{urls.auth.logout}}\">{{lang 'common.logout'}}</a>\n            </li>\n        {{else}}\n            <li class=\"navPages-item\">\n                <a class=\"navPages-action\" href=\"{{urls.auth.login}}\">{{lang 'common.login'}}</a> {{lang 'common.or'}} <a class=\"navPages-action\" href=\"{{urls.auth.create_account}}\">{{lang 'common.sign_up'}}</a>\n            </li>\n        {{/if}}\n    </ul>\n</nav>\n",
  "components/common/modal": "<div id=\"modal\" class=\"modal\" data-reveal data-prevent-quick-search-close>\n    <a href=\"#\" class=\"modal-close\" aria-label=\"{{lang 'common.close'}}\" role=\"button\">\n        <span aria-hidden=\"true\">&#215;</span>\n    </a>\n    <div class=\"modal-content\"></div>\n    <div class=\"loadingOverlay\"></div>\n</div>\n",
  "components/common/subscription-form": "<h5 class=\"footer-info-heading\">{{lang 'newsletter.subscribe'}}&nbsp;<span class=\"smaller lighter lowercase\">{{lang 'newsletter.subscribe_intro'}}</span></h5>\n<form class=\"form\" action=\"{{urls.subscribe.action}}\" method=\"post\">\n    <fieldset class=\"form-fieldset\">\n        <input type=\"hidden\" name=\"action\" value=\"subscribe\">\n        <input type=\"hidden\" name=\"nl_first_name\" value=\"bc\">\n        <input type=\"hidden\" name=\"check\" value=\"1\">\n        <div class=\"form-field\">\n            <label class=\"form-label u-hiddenVisually\" for=\"nl_email\">{{lang 'common.email_address'}}</label>\n            <div class=\"form-prefixPostfix wrap\">\n                <input class=\"form-input\" id=\"nl_email\" name=\"nl_email\" type=\"email\" value=\"{{customer.email}}\" placeholder=\"Email\">\n                <input class=\"button button--primary form-prefixPostfix-button--postfix\" type=\"submit\" value=\"Join\">\n                <div class=\"clear\"></div>\n            </div>\n            <div class=\"clear\"></div>\n        </div>\n        <div class=\"clear\"></div>\n    </fieldset>\n</form>\n<div class=\"clear\"></div>\n",
  "components/common/alert-modal": "<div id=\"alert-modal\" class=\"modal modal--alert modal--small\" data-reveal data-prevent-quick-search-close>\n    <div class=\"swal2-icon swal2-error swal2-animate-error-icon\"><span class=\"swal2-x-mark swal2-animate-x-mark\"><span class=\"swal2-x-mark-line-left\"></span><span class=\"swal2-x-mark-line-right\"></span></span></div>\n\n    <div class=\"modal-content\"></div>\n\n    <div class=\"button-container\"><button type=\"button\" class=\"confirm button\" data-reveal-close>OK</button></div>\n</div>\n",
  "components/common/social-links": "{{#if social_media}}\n    <h5 class=\"footer-info-heading\">Connect with Us:</h5>\n    <ul class=\"socialLinks socialLinks--alt\">\n        {{#each social_media}}\n            <li class=\"socialLinks-item\">\n                {{#if display_name '===' 'google+'}}\n                    <a class=\"icon icon--google\" href=\"{{url}}\" target=\"_blank\">\n                        <svg><use xlink:href=\"#icon-google\" /></svg>\n                    </a>\n                {{else}}\n                    <a class=\"icon icon--{{display_name}}\" href=\"{{url}}\" target=\"_blank\">\n                        <svg><use xlink:href=\"#icon-{{display_name}}\" /></svg>\n                    </a>\n                {{/if}}\n            </li>\n        {{/each}}\n    </ul>\n{{/if}}\n",
  "components/common/payment-icons": "<div class=\"footer-payment-icons\">\n    {{#if theme_settings.show_accept_amazon_pay}}\n        <svg class=\"footer-payment-icon amazonpay\"><use xlink:href=\"#icon-logo-amazonpay\"></use></svg>\n    {{/if}}\n    {{#if theme_settings.show_accept_amex}}\n        <svg class=\"footer-payment-icon amex\"><use xlink:href=\"#icon-logo-american-express\"></use></svg>\n    {{/if}}\n    {{#if theme_settings.show_accept_apple_pay}}\n        <svg class=\"footer-payment-icon applepay\"><use xlink:href=\"#icon-logo-applepay\"></use></svg>\n    {{/if}}\n    {{#if theme_settings.show_accept_chase_pay}}\n        <svg class=\"footer-payment-icon chasepay\"><use xlink:href=\"#icon-logo-chasepay\"></use></svg>\n    {{/if}}\n    {{#if theme_settings.show_accept_discover}}\n        <svg class=\"footer-payment-icon discover\"><use xlink:href=\"#icon-logo-discover\"></use></svg>\n    {{/if}}\n    {{#if theme_settings.show_accept_mastercard}}\n        <svg class=\"footer-payment-icon mastercard\"><use xlink:href=\"#icon-logo-mastercard\"></use></svg>\n    {{/if}}\n    {{#if theme_settings.show_accept_masterpass}}\n        <svg class=\"footer-payment-icon masterpass\"><use xlink:href=\"#icon-logo-masterpass\"></use></svg>\n    {{/if}}\n    {{#if theme_settings.show_accept_paypal}}\n        <svg class=\"footer-payment-icon paypal\"><use xlink:href=\"#icon-logo-paypal\"></use></svg>\n    {{/if}}\n    {{#if theme_settings.show_accept_visa}}\n        <svg class=\"footer-payment-icon visa\"><use xlink:href=\"#icon-logo-visa\"></use></svg>\n    {{/if}}\n    {{#if theme_settings.show_accept_visa_pay}}\n        <svg class=\"footer-payment-icon visapay\"><use xlink:href=\"#icon-logo-visapay\"></use></svg>\n    {{/if}}\n    <div class=\"clear\"></div>\n</div>\n\n<div class=\"global-region container-width right-of-payment-icons\"> <!-- can be used for SSL Certificate Seal -->\n  {{{region name=\"footer_right_of_payment_icons--global\"}}}\n</div>\n",
  "components/faceted-search/selected-facets": "<div class=\"facetedSearch-refineFilters sidebarBlock\">\n    <h5 class=\"sidebarBlock-heading\">\n        {{lang 'search.faceted.selected.title'}}\n    </h5>\n\n    {{#if items}}\n        <ul class=\"inlineList inlineList--labels\">\n            {{#each items}}\n                <li>\n                    <a href=\"{{url}}\"\n                       class=\"facetLabel\"\n                       rel=\"nofollow\"\n                       data-faceted-search-facet\n                    >\n                        {{#if facet '===' 'rating'}}\n                            {{lang 'search.faceted.selected.rating-label' rating=title}}\n                        {{else}}\n                            {{{sanitize title}}}\n                        {{/if}}\n\n                        <svg class=\"icon\">\n                            <use xlink:href=\"#icon-close\" />\n                        </svg>\n                    </a>\n                </li>\n            {{/each}}\n        </ul>\n    {{else}}\n        <p>{{lang 'search.faceted.selected.no-filters'}}</p>\n    {{/if}}\n\n    {{#if remove_all_url}}\n        <a href=\"{{remove_all_url}}\" data-faceted-search-facet>\n            {{lang 'search.faceted.selected.clear-all'}}\n        </a>\n    {{/if}}\n</div>\n",
  "components/faceted-search/facets/hierarchy-children": "<ul class=\"navList navList--inner\">\n    {{#each this}}\n        <li class=\"navList-item\">\n            <a\n            href=\"{{url}}\"\n            class=\"navList-action navList-action--checkbox{{#if selected}} is-selected{{/if}}{{#if has_sub_categories}} has-children{{/if}}\"\n            rel=\"nofollow\"\n            data-id=\"{{id}}\"\n            data-faceted-search-facet>\n                {{{sanitize title}}}\n                {{#if ../show_product_counts}}\n                    {{#if count}}\n                        <span>({{count}})</span>\n                    {{/if}}\n                {{/if}}\n            </a>\n            {{#if children}}\n                {{> components/faceted-search/facets/hierarchy-children children}}\n            {{/if}}\n        </li>\n    {{/each}}\n</ul>\n",
  "components/faceted-search/facets/hierarchy": "{{#if items}}\n<div class=\"accordion-block\">\n    {{> components/faceted-search/faceted-search-navigation}}\n\n    <div id=\"facetedSearch-content--{{dashcase facet}}\" class=\"accordion-content{{#unless start_collapsed}} is-open{{/unless}}\">\n        <ul id=\"facetedSearch-navList--{{dashcase facet}}\" class=\"navList\" data-facet=\"{{facet}}\" data-has-more-results=\"{{has_more_results}}\">\n            {{#each items}}\n                <li class=\"navList-item\">\n                    <a\n                        href=\"{{url}}\"\n                        class=\"navList-action navList-action--checkbox{{#if selected }} is-selected{{/if}}{{#if has_sub_categories}} has-children{{/if}}\"\n                        rel=\"nofollow\"\n                        data-id=\"{{id}}\"\n                        data-faceted-search-facet>\n                        {{{sanitize title}}}\n                        {{#if ../show_product_counts}}\n                            <span>({{count}})</span>\n                        {{/if}}\n                    </a>\n                    {{#if children}}\n                        {{> components/faceted-search/facets/hierarchy-children children}}\n                    {{/if}}\n                </li>\n            {{/each}}\n        </ul>\n\n        {{#if show_more_toggle}}\n            <a href=\"#facetedSearch-navList--{{dashcase facet}}\" role=\"button\" class=\"toggleLink\">\n                <span class=\"toggleLink-text toggleLink-text--off\">{{lang 'search.faceted.show-more'}}</span>\n            </a>\n        {{/if}}\n    </div>\n</div>\n{{/if}}\n",
  "components/faceted-search/facets/multi": "{{#if items}}\n<div class=\"accordion-block\">\n    {{> components/faceted-search/faceted-search-navigation}}\n\n    <div id=\"facetedSearch-content--{{dashcase facet}}\" class=\"accordion-content{{#unless start_collapsed}} is-open{{/unless}}\">\n        <ul id=\"facetedSearch-navList--{{dashcase facet}}\" data-facet=\"{{facet}}\" class=\"navList\" data-has-more-results=\"{{has_more_results}}\">\n            {{#each items}}\n                <li class=\"navList-item\">\n                    <a\n                        href=\"{{url}}\"\n                        class=\"navList-action navList-action--checkbox{{#if selected}} is-selected{{/if}}\"\n                        rel=\"nofollow\"\n                        data-faceted-search-facet>\n                        {{{sanitize title}}}\n                        {{#if ../show_product_counts}}\n                            <span>({{count}})</span>\n                        {{/if}}\n\n                        <span class=\"navList-action-close\" aria-hidden=\"true\">\n                            <svg class=\"icon\">\n                                <use xlink:href=\"#icon-close\"/>\n                            </svg>\n                        </span>\n                    </a>\n                </li>\n            {{/each}}\n        </ul>\n\n        {{#if show_more_toggle}}\n            <a href=\"#facetedSearch-navList--{{dashcase facet}}\" role=\"button\" class=\"toggleLink\">\n                <span class=\"toggleLink-text toggleLink-text--off\">{{lang 'search.faceted.show-more'}}</span>\n            </a>\n        {{/if}}\n    </div>\n</div>\n{{/if}}\n",
  "components/faceted-search/facets/range": "<div class=\"accordion-block\">\n    {{> components/faceted-search/faceted-search-navigation}}\n\n    <div id=\"facetedSearch-content--{{dashcase facet}}\" class=\"accordion-content{{#unless start_collapsed}} is-open{{/unless}}\">\n        <form id=\"facet-range-form\" class=\"form\" method=\"get\" data-faceted-search-range novalidate>\n            <input type=\"hidden\" name=\"search_query\" value=\"{{search_query}}\">\n            {{#if this.sort}}\n                <input type=\"hidden\" name=\"sort\" value=\"{{this.sort}}\">\n            {{/if}}\n            <fieldset class=\"form-fieldset\">\n                <div class=\"form-minMaxRow\">\n                    <div class=\"form-field\">\n                        <input\n                            name=\"min_price\"\n                            placeholder=\"{{lang 'search.faceted.range.min-placeholder'}}\"\n                            min=\"0\"\n                            class=\"form-input form-input--small\"\n                            required\n                            type=\"number\"\n                            value=\"{{min_price}}\"\n                        />\n                    </div>\n\n                    <div class=\"form-field\">\n                        <input\n                            name=\"max_price\"\n                            placeholder=\"{{lang 'search.faceted.range.max-placeholder'}}\"\n                            min=\"0\"\n                            class=\"form-input form-input--small\"\n                            required\n                            type=\"number\"\n                            value=\"{{max_price}}\"\n                        />\n                    </div>\n\n                    <div class=\"form-field\">\n                        <button class=\"button button--small\" type=\"submit\">\n                            {{lang 'search.faceted.range.update'}}\n                        </button>\n                    </div>\n                </div>\n\n                <div class=\"form-inlineMessage\"></div>\n            </fieldset>\n        </form>\n    </div>\n</div>\n",
  "components/faceted-search/facets/rating": "{{#if items}}\n<div class=\"accordion-block\">\n    {{> components/faceted-search/faceted-search-navigation}}\n\n    <div id=\"facetedSearch-content--{{dashcase facet}}\" class=\"accordion-content facetedSearch-content--{{dashcase facet}}{{#unless start_collapsed}} is-open{{/unless}}\">\n        <ul class=\"navList\">\n            {{#each items}}\n                <li class=\"navList-item\">\n                    <a href=\"{{url}}\"\n                       class=\"navList-action{{#if selected}} is-selected{{/if}}\"\n                       rel=\"nofollow\"\n                       data-faceted-search-facet>\n                        <span class=\"rating--small\">\n                            {{> components/products/ratings rating=title}}\n                        </span>\n                        {{lang 'search.faceted.rating.and-up'}}\n                        {{#if ../show_product_counts}}\n                            <span>({{count}})</span>\n                        {{/if}}\n                    </a>\n                </li>\n            {{/each}}\n        </ul>\n    </div>\n</div>\n{{/if}}\n",
  "components/common/navigation-list": "{{#if children}}\n<a class=\"navPages-action has-subMenu\" href=\"{{url}}\">\n    {{name}} <i class=\"fa fa-chevron-down main-nav\" aria-hidden=\"true\"><svg><use xlink:href=\"#icon-chevron-down\" /></svg></i>\n</a>\n<div class=\"navPage-subMenu\" id=\"navPages-{{id}}\" aria-hidden=\"true\" tabindex=\"-1\">\n    <ul class=\"navPage-subMenu-list\">\n        {{#each children}}\n            <li class=\"navPage-subMenu-item\">\n                {{#if children}}\n                    <a\n                        class=\"navPage-subMenu-action navPages-action has-subMenu\"\n                        href=\"{{url}}\">\n                        {{name}} <i class=\"fa fa-chevron-down\" aria-hidden=\"true\"><svg><use xlink:href=\"#icon-chevron-down\" /></svg></i>\n                    </a>\n                    <ul class=\"navPage-childList\" id=\"navPages-{{id}}\">\n                        {{#each children}}\n                        <li class=\"navPage-childList-item\">\n                            <a class=\"navPage-childList-action navPages-action\" href=\"{{url}}\">{{name}}</a>\n                        </li>\n                        {{/each}}\n                    </ul>\n                {{else}}\n                    <a class=\"navPage-subMenu-action navPages-action\" href=\"{{url}}\">{{name}}</a>\n                {{/if}}\n            </li>\n        {{/each}}\n    </ul>\n</div>\n{{else}}\n<a class=\"navPages-action\" href=\"{{url}}\">{{name}}</a>\n{{/if}}\n",
  "components/faceted-search/faceted-search-navigation": "<div class=\"accordion-nav-clear-holder\">\n    <button type=\"button\"\n         class=\"accordion-navigation toggleLink{{#unless start_collapsed}} is-open{{/unless}}\"\n         data-collapsible=\"#facetedSearch-content--{{dashcase facet}}\"\n         aria-label=\"{{lang 'search.faceted.toggleSection' title=title}}\"\n    >\n        <h5 class=\"accordion-title\">\n            {{title}}\n        </h5>\n\n        <span>\n            <svg class=\"icon accordion-indicator toggleLink-text toggleLink-text--off\">\n                <use xlink:href=\"#icon-add\" />\n            </svg>\n            <svg class=\"icon accordion-indicator toggleLink-text toggleLink-text--on\">\n                <use xlink:href=\"#icon-remove\" />\n            </svg>\n        </span>\n    </button>\n    {{#if selected}}\n        <a href=\"{{remove_url}}\" class=\"facetedSearch-clearLink\" data-faceted-search-facet>{{lang 'search.faceted.clear'}}</a>\n    {{/if}}\n</div>\n",
  "components/products/ratings": "{{#for 1 5}}\n    {{#if ../this.rating '>=' $index}}\n        <span class=\"icon icon--ratingFull\">\n            <svg>\n                <use xlink:href=\"#icon-star\" />\n            </svg>\n        </span>\n    {{else}}\n        <span class=\"icon icon--ratingEmpty\">\n            <svg>\n                <use xlink:href=\"#icon-star\" />\n            </svg>\n        </span>\n    {{/if}}\n{{/for}}\n{{{snippet 'product_rating'}}}\n"
}